Actual_Yield,Predicted_Yield
1.7802525552001172,5.46284812489317
8.825947384950254,5.472047975925527
5.694790625483222,5.383135288393593
4.836926756248985,5.571688828257271
1.9759962426280704,5.34764838831313
5.690290580704291,5.627903819657555
1.7012509877789743,5.511307538548116
7.790959031884008,5.936370676187255
1.1877219637631038,5.192481644672667
1.8132083127793128,5.329832490010861
9.177825965995012,5.4757339071048055
8.492470290035158,5.415628304582497
8.146818305791221,5.5123537225206265
2.972675593528713,6.123330205694366
9.535259276079191,5.466177879718165
6.675462743540949,5.427344798180963
7.685295904996106,5.513349338857508
5.994570695948458,5.240659651315517
8.587872202674152,5.517482143101615
4.000985501066076,5.399733611277184
7.285980486987199,5.502356874084418
8.121154284291734,5.837997451902393
7.998557403985812,5.709500720818017
4.023052918244904,5.664722465367224
3.491523766811969,5.673974893805967
4.557403910429706,5.765628153614818
9.211869509243876,5.363623008980953
4.036407560937175,5.812066226372056
3.333514824831189,5.595733138916071
2.1837594412866377,5.609445609547039
3.60554044844305,5.297943441539554
4.02240276125633,5.174314304094454
7.591100796157194,5.5732729724065315
5.3379893779899055,5.217332944832792
6.833990991182052,5.484688905524701
3.793660793747357,5.5401823076201495
6.181802773441074,5.599641860664269
2.549711034190363,5.702992606392474
6.423251334024883,5.565730383265275
3.843045475219128,5.558753398823684
9.634352787018615,5.199253007783336
2.954325987580382,5.61359489530333
7.527511342210031,5.519979516467097
8.424769478961984,5.54330124981191
8.073970227644734,5.4982430794214965
2.6354495399199704,5.549401145151442
1.1672387070697543,5.519893017969626
4.655858221377056,5.706249825889732
5.46119532172105,5.390973616157969
9.47532636423829,5.252937157001741
2.2019594894462373,5.586789457219896
2.016218374792583,5.361750740801705
2.617283338317032,5.38544328523535
3.713797924532323,5.500639850586046
8.596339031381385,5.5655046156755885
3.4090302014564373,5.367259106446652
3.52964046110972,5.824338010628242
6.337572669881873,5.724371828454674
6.170875102046124,5.20277016767689
1.3368965123730656,5.359409271401308
7.217062428710929,5.515917958833077
9.76210924026168,6.027821639548998
3.431147864538417,5.0664642035334175
2.000582078182972,5.532248527976461
8.236139300991503,5.340404367388442
9.943926678717231,5.1750520814537255
1.1297746211625146,5.544132692395317
8.15501786360576,5.264562878220131
9.743602525410296,5.753446148453679
6.801653452062141,5.410289818699854
1.7449735417329992,5.697640164811529
9.864160700778475,5.411365216590001
5.563887821860032,5.61759227338031
5.894397869687072,5.4949472396681935
6.204616619981498,5.407157520641904
8.814676178375965,5.720272052422098
1.351966233150916,5.439865368534911
6.129295194384909,5.435639062305836
2.059294489061558,5.286483189718235
6.568647494925927,5.244376542265066
2.555373870777061,5.464291030952788
1.81744742806331,5.246488705688895
5.574196735447037,5.386527701250859
5.887980508309032,5.621666860888151
5.24766302617223,5.752869830278778
6.587894374298958,5.861731344203508
7.504387216360404,5.294491423938642
8.188447658058294,5.380987524369878
7.522748454390898,5.2430305824319
2.299577267018196,5.879277188207762
1.495329806373187,5.506208978699826
3.339012213562006,5.454480607930865
8.559914165726095,5.2681745225074454
6.353257342612014,5.871481777977748
2.4915424297251114,5.486039744939642
5.264951582135371,5.387969720606037
9.752363398361908,5.586246162258107
1.0554645518217411,5.662579227929398
8.997804905531876,5.359916178966219
1.2011417726154925,6.211155512810615
8.369981720270175,5.448307054278477
9.726295130563445,5.771312186670183
1.7251257311578083,5.577675121695432
8.153866160312448,5.580093113822321
6.719854489492176,5.799768494634398
6.852262912787634,5.483247528640658
8.57323063729721,5.696191350777396
6.098830935442684,5.710953129981518
8.101298940368103,5.406696687343909
5.901085176210106,5.595443493798459
7.379567938274655,5.4219170712659785
1.5780508913427636,5.470135062149397
6.8668244466390735,5.4776849132111805
9.389140579225792,5.385426341754027
5.363079860012999,5.5778262839303645
4.796737667730323,5.288550640165251
5.208452345058329,5.259434329864142
7.24842484929687,5.396936875019698
6.776593637144141,5.5091285074754675
5.913091634399747,5.721639145600473
1.8975227756952773,5.698877229923903
2.857779647037048,5.525744979639435
4.092766888537009,5.53836654407375
4.865688731308218,5.3002305357114885
6.165366558492844,5.451242060143377
9.184838259252905,5.761830280020928
7.040770821764053,5.521712992433294
7.83921326336058,5.557771273636332
7.914684818665679,5.836488395550705
5.726510609473619,5.539365529454524
4.228512101217508,5.508128346254824
3.28926404659606,5.613241284345317
2.31400359789794,5.512815825551007
4.873176472143031,5.714445297104991
4.825589240275005,5.418052254854998
2.8832318213656785,5.832407313897944
3.8424911358204334,5.523675782629826
6.70880998982115,5.265747781688364
3.7245245403730607,5.539060225526011
9.04107713291081,5.063338154981864
1.3371325547839938,5.682198421295048
6.624081581441515,5.032327325135634
4.094976723122629,5.406391154725827
3.3771435307403435,5.7431664045144695
8.513770912213698,5.493899384997491
3.761483265963453,5.157270044517419
2.7485770012087323,5.818667410513642
6.029532981709622,4.980357879246728
4.123252686283209,5.038803857034181
6.147268920732579,5.5095742997721455
8.29379813892766,5.468674437300571
4.470842451308792,5.455473969460012
2.4410742179160336,5.4899047176424896
3.74628694532457,5.492064373953984
8.07272553884409,5.266971720023273
8.19573168385136,5.287804668605418
8.623995277167202,5.460974580071123
5.222258178377057,5.457571115938825
3.990528609588,5.469964388108772
9.268944482044114,4.966116252651715
9.772130233697206,5.401216453077957
3.166831788570213,5.590495978475303
3.596380859541455,5.440231467349488
6.130984017890044,5.501789391213582
9.509247948070644,5.559096356781681
1.7573134269106463,5.426345664830389
3.4870698327975336,5.471475325473511
7.984557915629872,5.461914458419171
8.86464601647196,5.7606928460282925
6.435032860885884,5.519588380128581
6.804350893598047,5.546458694773203
6.615165786948437,5.4918669152088615
7.150241170509428,5.328834712920021
1.6589875538029557,5.197468880413657
2.2855272761230534,5.122240163557271
2.618576099311224,5.493552378114892
4.795156987030362,5.37139672131536
7.548549754582805,5.46488066617749
8.387609780378186,5.4150900675781335
5.840970095523514,5.425041438611166
6.726249424099764,5.480417284162583
4.108974318640001,5.382922667913367
2.89611085288951,5.668924044597066
3.652802901645488,5.455104827155675
9.312020444895794,5.4098726001699164
2.947642011944033,5.470095693006752
6.875931720362838,5.3974924466979814
6.571817588046932,5.3753017746301
2.459982224803825,5.663542610066529
5.40258837419426,5.370089899137907
3.169440347063885,5.516401197942757
8.24997336703295,5.837604168805102
3.731545890473381,5.382283912352822
3.552619072928139,5.320843121910915
4.544014741221675,5.556320163176651
4.293874335264784,5.703250622499601
9.091997122149676,5.340257073148179
2.0822064613711686,5.87611736518551
6.148610459348864,5.582738319154912
1.6970104259275092,5.920759267270764
9.677963785632508,5.561138286819342
5.191625797123741,5.222123520461231
6.331718194189178,5.451859325725807
3.2321255346823983,5.394681914055891
7.365345894065324,5.44999339540763
2.4016114433695552,5.544992564707547
9.467305343550802,5.4661333262328125
1.8231685866559184,5.553317660903557
3.450809651016775,5.2891179126942465
9.733141900492512,5.378824416426579
5.233029096968196,5.345960547979424
3.777673319947109,5.164883995806439
9.143397156336356,5.5534712305211285
3.2184126440639904,5.553753735475348
7.698816366719353,5.454549076081716
8.448883640842775,5.27359078898972
2.382571627559072,5.170526407758781
7.465496013045679,5.447102849910269
4.680300894531923,5.975611814725694
8.94693560100261,5.516484258713583
9.857772015929266,5.417110420811827
4.503544932844585,5.847231772806217
8.90199228948191,5.514199271509899
5.825205177346594,6.13597248857602
7.467166127182306,5.609693244600842
7.846564517339656,5.532195592208837
2.2487948452613007,5.428082010557598
3.3426619961076467,5.343730815382948
8.492619050546999,5.38283257644194
9.81768205512028,5.564322717580933
8.162074505214235,5.454976180227577
3.2621905027087763,5.366181702023482
9.474569369449323,5.756501341507843
9.1793519654919,5.064703321948058
2.4205362950835463,5.563859647206691
4.6165675939077495,5.141280361118463
9.618897161308446,5.4014622804244
1.5776655245803215,5.562096658385732
8.446572755635227,5.037480041069327
4.759116791811032,5.410841511306721
7.872560879149136,5.4073905681309755
7.092003077830403,5.497488669269205
4.815931839017493,5.396257082761338
5.52574209528805,5.193219768649055
9.380387305896724,5.432367666480903
6.671604297778026,5.346955231333676
8.878606803841127,5.37695100686966
7.009537677613443,5.944368133826917
1.636933340709836,5.382549196788085
2.7566173069983635,5.525754519582079
7.0655450599496925,5.515796849990445
4.371930064589092,5.533665497654232
4.827576876417369,5.655876568968372
3.841438446320492,5.511705891351516
7.400683996199696,5.367134625653567
6.4705590177116346,5.682025778188163
7.965857368371981,5.614548044420924
5.811232495744669,5.668983043777684
6.533351362654074,5.669723805878128
8.235753636805367,5.6843389910590325
1.9104787012039368,5.548344670947179
6.111096415304013,5.250185199504914
1.4909211308601462,5.667113243567102
8.364348923155585,5.451046183254479
5.560555298909609,5.227780000975229
9.912668201774352,5.458095554895959
5.78104419809799,5.268358291388704
3.193955936202105,5.392647024635894
3.6390413753179502,5.3635160125595185
4.451663614436013,5.433070410035799
4.115786731974426,5.380316092730844
9.515444897134897,5.548942507057108
2.8082231711724592,5.429017030429541
1.6325535293724815,5.429997019235873
2.1788644769438847,5.476219484252556
3.977691039290689,5.496888853851768
3.091294394022986,5.246077098325419
9.044300370308362,5.513157020566762
8.15409936794357,5.428557101960522
5.585393015171751,5.2579346561265
9.967517048477765,5.7685743279693416
1.319866436998784,5.332428244994445
7.657908163722551,5.693390102770447
3.6810684706242913,5.416590775960202
4.790031074173143,5.403884016987103
6.003809147628536,5.481875724046514
3.531917904518819,5.213881790683855
1.1473134114861874,5.459986111885081
3.538500664651922,5.452617205730914
5.131047054925742,5.476998134255831
3.861595466950935,5.325674558968205
4.734274143877761,5.925489281688654
1.3718982604271237,5.510224401769127
3.081724114882629,5.865236632285711
1.2686417094995202,5.2317869484374375
6.816499009566591,5.1272113231424905
8.267128751971068,5.1706906648867825
7.939722997239086,5.504333609404755
1.939712339996357,5.591602960165442
9.17615486777123,5.567711259610757
3.5635484980283847,5.480600909644367
9.907191834062685,4.901183686317396
7.713071631546228,5.208982240819925
8.481962084068138,5.505636343465616
5.880165915190196,5.556229893887242
3.9071312726691816,4.835729360145856
3.970319056380162,5.838862309494732
1.4997376511397142,5.41768587475188
5.286662421033258,5.359115062544661
1.2999911988391837,5.63808589846484
9.553441518322064,5.177875521736751
9.097678008537272,5.446397580777069
4.866289821094821,5.337244612460154
9.469760154194212,5.588057035278206
9.278909163851036,5.56238551649318
7.777943162845799,5.2626792041487995
1.5672071475290723,5.663028267585971
3.3326782160551565,5.298486246706428
8.428710340730104,5.447027569945424
1.0117576132123025,5.393308299115373
7.623963247022303,5.492191809837094
3.427408137178908,5.380462412868963
4.847622275790301,5.322911371333175
1.6428228261566054,5.3990413192434685
9.236205653309096,5.419162332506304
8.514523477616859,5.463824258162744
2.23319422813465,5.890205897947392
3.033442376224542,5.417165166819013
1.1088388791732982,5.425909729543195
2.191761661109005,5.332850607519219
6.06498157153957,5.523557727005399
3.389027408530429,5.4480690579556255
9.912914471862097,5.400973786052192
2.5122820695587307,5.498466278977908
9.5292258330842,5.2094306135036454
6.957951323208064,5.457754743334812
3.696419261391826,5.5309125858186965
2.807195568408862,5.399889848888714
6.200984130525445,5.2551783245982655
3.4585388199353915,5.221559169885437
2.743895094433765,5.914215694364561
2.580033993353098,5.404096443849795
9.972597238199636,5.4115967594202585
4.624717691364866,5.563259985979399
2.7253842752728143,5.471720470676879
1.3547629145410345,5.511709869972548
3.05804418131058,5.474730584961829
6.041649692552488,5.56188728850911
6.626217779038931,5.514619308984797
3.0279376839176213,5.126673363800373
4.279848280213836,5.495626644151572
4.815096597977787,5.939172714343503
4.541356249493669,5.468255561492162
1.3191917743018842,5.50427737594327
5.989483123601098,5.536182047615569
9.585252839251892,5.5478496318402115
8.485943848651054,5.364601991262981
6.1532210696489695,5.556590570538777
8.610101769933507,5.397231150021847
4.603408242248156,5.284645229228642
9.362123814467616,5.424609699648758
5.75751020181787,5.271899736493777
9.882764247408822,5.360516208943717
8.767182919277529,5.375468860536867
2.8162512858747686,5.499185573281684
8.311290674117211,5.747387251064915
4.056615847842088,5.306060173859233
1.0624060908938031,5.275003680942
5.501613334687967,5.6308769263413625
6.383876743879283,5.1891049223925005
9.665804099880352,5.556249802315109
3.0270657408227906,5.787849776305531
7.550653529672867,5.701561633445818
3.617919694026006,5.545776333743777
3.49972534611924,5.35567077225217
9.39330991958615,5.5004490057852715
9.77834832783994,5.907598696555857
6.966741905549905,5.333861699553173
7.2785594805815235,5.391954918587536
9.61016681644665,5.463645563728015
7.526723603601308,5.348077387280372
6.102936822880309,5.340120749747392
5.742933473619205,5.964292315417287
5.00414045737924,5.443713841154776
3.632571699987439,5.729493603475941
4.933496819273098,5.435159054976127
4.609443686470458,5.420393830623075
4.693775795595476,5.369575226175795
9.612859326029987,6.043371370541001
5.813640491023384,5.592117141567353
2.7992038274131925,5.811808391346952
3.6152783113899583,5.489511523366167
3.426602151193077,5.117040689672774
6.431208045869717,5.10375635920762
5.377248548378713,5.61343244690368
8.665999154797937,5.415707205159503
9.182922058553936,5.802750180388893
4.201811038951794,5.5693766418240545
3.3707993619857195,5.425679428366377
5.32037137376984,5.609764151906127
7.470489180373118,5.320084843470807
1.7895617034464106,5.477758954696048
4.048367868235874,5.45591950654327
7.339724609364491,5.343034596457897
3.1700878604426888,5.46370660452353
3.434287832938433,5.460052632605738
3.660441888637143,5.4410563200580615
9.606846382443925,5.453795954710307
1.182581917135884,5.420234611231109
8.369312518184424,5.228572000348269
4.608910868811457,5.624892129271898
4.526158640898991,5.375565969031961
4.649479901415399,5.378705510675157
8.87431671327243,5.5156127941384545
6.555168354596772,5.456812751639022
3.241460814382616,5.429780624725594
7.5766482158115,5.632904493235632
8.174767256296086,5.317388430096709
3.397270045740086,5.646147448285197
4.723461310160617,5.655094148160399
4.947658181138145,5.69532917328462
4.002846899959119,5.625790801302319
6.149879915534644,5.4463545917939244
9.248181784719984,5.553614943831508
2.112794551202388,5.62553403376895
9.19675551147117,5.388291707846776
8.059168323897193,5.5707858448850605
1.7237898628868489,5.3275479262691645
5.944851294871798,5.356957825332331
1.7009963983099718,5.544177343070934
9.342119689542017,5.680807200888687
6.042188636415171,5.366506974396909
3.114387530527313,5.6213297408788945
4.013547789633131,5.34380378067207
7.317875410524189,5.646608350165155
7.556717379058329,5.262545541574581
2.527843190579554,6.24468679842916
7.276596740169607,5.731926008399597
7.189850000350138,5.43001654755194
1.025700272477613,5.358654830439352
3.9689636723128334,5.447899622053759
1.052346664658701,5.616804748827382
5.6838237272133485,5.475495914175018
9.96111252105302,5.384110845659877
5.197622234864881,5.459815198183963
6.6264601409597965,5.32553219359953
1.4196316734414247,5.8003029271527105
6.8433926561763,5.3343777036839
1.0862774041717145,5.512347732580596
4.987426928835125,5.279636536223739
2.4220655915177915,4.811219613490338
5.166209298074506,5.38732971830607
5.45151164007082,5.379968072572137
7.408975438984487,5.609310082624701
3.403477137698236,5.187255901708857
3.4303585900792704,5.288942179924256
2.5440311456158486,4.783890633911754
4.908470178620482,5.626176465131449
4.2910491443987535,5.7054862227089815
8.168747275149276,5.540454984337035
1.0097824031328508,5.131085174686985
5.841551117039172,5.607786611870847
5.0660127275674505,5.400858492388921
6.353310188425341,5.157984029177105
5.181722835406832,5.467474384272532
1.5521136949819203,5.577556669567941
3.500702150368247,5.406909886934122
1.3316924652807551,5.2256319597171235
5.323519014094355,5.573743971606892
6.187765671047728,5.412877890690924
3.094355134899331,5.551023340741247
6.8401204791224695,5.330680756058996
3.228568102348861,5.26740036558216
9.59142803384379,5.531860503097567
7.429218987953313,5.088495719807242
2.0340475046198203,5.393299887085221
1.4359093047980749,5.243565285166406
5.1484489021729525,5.4496568397690375
5.895722661294073,5.507035018670374
9.657422807146231,5.135130635735596
1.314708096248547,5.352452611416559
8.870540370316064,5.560650312144483
6.763208081105203,5.486865935218675
3.782529652588832,5.393569292132758
3.7341083181592873,5.222044590401888
7.129281632090056,5.5429528589482535
1.6964623604091285,5.769418366969972
3.322922101945996,5.497594441001058
9.320385009132409,5.29920157458975
8.558504755814635,5.722454760745934
9.27237814209564,5.4622652493625505
2.4681245953068984,5.9471797337057914
4.490928578164284,5.423068770874266
4.527965798567225,5.6000607890958225
1.84456604657876,5.646294212652553
9.135216375270335,5.290692436979191
4.484936637247645,5.12997573058974
5.772978763810437,5.793858843228086
8.326649759859336,5.347435363117811
1.605448333264394,5.491619772534587
7.979242120566552,5.415636665192823
5.949472993461187,5.426976251507269
5.174854888502824,5.523688583273784
5.622116236307086,5.535909134632436
2.445570414682857,5.297443876182359
9.951994331486649,5.596755156910469
8.789700738716615,5.587675323672065
2.989972408164874,5.384489587390063
4.952923709081913,5.457445296223438
1.5307281577508671,5.397796290075815
6.670314485724548,5.403553756914593
3.5737292952420034,5.002958039488374
3.4868009379941167,5.592323118666184
6.954118196703759,5.46751037159136
9.907783151661317,5.5331249076969184
7.261914838031929,5.175644011549987
9.679964336291851,5.443651818901242
6.732309421673035,5.582568555769793
5.1342203600152265,5.302294805998352
8.56712188592434,5.445614231126035
2.458643251619141,5.451960574595924
4.966993919828978,5.418318309699191
4.779358139239771,5.581819769748038
1.3408206850323414,5.449223807166491
2.6676462842144946,5.397828779014328
3.1649294426083703,5.751895959070397
5.825900328749956,5.267910317404464
6.04502737716895,5.694144234634796
5.595453787592548,5.49183358970747
6.288291958617386,5.4379632677197876
5.0847323121833,5.387871211239728
1.7194926324095436,5.402940700002967
2.7825150888933274,5.440560083517451
2.756563855943758,5.299167795176913
4.744144659479528,5.597868516865795
6.808647389264279,5.59453680560905
5.3724185110830485,5.408029440987544
6.2031497860875975,5.621987223382385
1.87658623235773,5.308103456308377
4.919581895494142,6.248022049620495
7.430633542339812,5.467441846088118
7.6435182180739485,4.946525615374519
6.506400885244387,5.4826716787124505
9.889887831644977,5.652975074459409
8.927163080444018,5.398041086404943
5.4111594036099016,5.367404826345449
3.931345820476165,5.64530554753823
3.2785668764440814,5.306576710319723
1.19402604555443,5.435902499176439
9.879468333696728,5.163814614537374
7.852590625613194,5.66574682230259
4.492149614819324,5.359325866827708
5.672051884713481,5.5609320035081895
2.555027185784299,5.426353011451756
4.391151739114715,5.545803079320906
8.53106507327309,5.597083792323451
7.674634468728541,5.400335014619385
2.286159202725535,5.885447256199192
7.44860194586404,5.6359917070987615
4.8005635197345,5.536210328429593
7.954436451098233,5.449176990764102
1.6988839933003526,5.502169444346918
4.256306103902459,5.638606311782358
9.30947274623992,5.648300489340598
5.857076015055258,5.577902130866446
7.853903694296255,5.781405903601073
3.863804278681774,5.330395146633513
5.346717156598123,5.562637399689198
1.711301810650657,5.502469213321088
7.238887421996853,5.550030846645177
8.455968412994425,5.49646993451918
9.81523161737064,5.584649981316499
9.839547933350165,5.4173468065854165
3.53050325402154,5.716483467938718
2.2736864606615965,5.998066657669779
4.08895528106339,5.756816990836473
8.330837570509715,5.536635490476719
6.58196025991719,5.529035436714824
5.601452469133914,5.47602495160295
4.534753317066296,5.567484007438784
7.638296867450787,5.726013267567903
1.2874683722815696,5.5150724078946185
5.768456901104114,5.50449560214325
2.414049957354992,5.46596077807188
1.927728298077516,5.359097923740901
6.990407914009628,5.487231179704087
6.3947086124871815,5.9082244117959
5.2313980779411695,5.5018488208755025
8.952268723225822,6.183971628415419
1.5309778523296158,5.488329955673288
3.366796990652788,5.558718157056817
9.382979572453156,5.490960696506354
4.476040275704091,5.346503963568967
6.203643705804668,5.588595412120502
4.6664004111152,5.257786401576465
1.4620683227088616,6.105546177880232
2.8748752835792906,5.314744850346
1.5769199239944838,5.642997804755578
6.869866551358496,5.485017988900526
1.5252304667297514,5.4166746463965465
3.2487954598289672,5.5794592653630755
5.611685463260522,5.3415373854784285
4.230031806856293,5.162499954127941
7.800773998064559,5.438663406465945
1.9544946984421407,5.499554926003896
9.837770051193727,5.366494474029513
6.90581845269045,5.583458749968736
2.327894859545469,5.526376030442319
4.645108855407746,5.55835499250534
5.775778742407981,5.445573090148107
7.693353544281831,5.622765419396875
9.008434076236057,5.50948875843398
9.779944781827089,5.383098071801247
7.953648997451711,5.351804066669099
6.179829425127598,5.2762335950393355
1.7283269947718138,5.863817121881571
2.882351706230082,5.221723744022963
2.0145764659283976,5.581081858703304
7.898209616807381,5.305288540146139
5.239956259658001,5.547087791751446
2.059708035147702,5.32381244136444
5.888444903285114,5.3860954509900445
8.764931889968581,5.389814839572406
4.772953637582096,5.336022875223854
4.930057344998771,5.058779945238543
3.14196175658104,5.571519310398876
6.775450137529128,5.692986369101316
4.796246182111848,5.673477921273073
2.086040433277824,5.427757645102971
8.834928758224091,5.323093648972197
6.891459600526597,5.4041155142361
6.180054377347176,5.668227862809863
1.2555868399606729,5.336431004606004
7.30357192658985,5.679727619930665
3.250283758376421,5.485625255348566
1.2014650569026806,5.7726972947189665
8.62851793948846,5.471539104099334
1.8374665729593096,5.8405338871078705
9.264462750617366,5.498918180280025
4.186191395316593,4.985959493701563
2.50533372180096,5.570437774303259
6.512105788307604,5.484169841825362
6.24424938746316,5.555740622975076
1.88937363136098,5.554824914953042
1.5035587185340742,5.657115830764935
7.982643495983793,5.437869983353101
2.919668349268212,5.5489452811909965
4.511656003220368,5.5115726530843805
6.285382118208256,5.312648246801385
7.888238691609512,5.478296759941785
5.680135807561999,5.564236224392705
8.597192607633065,5.3385057467777
8.04183271117556,5.554928520024848
4.2799976270779485,5.367341447434447
8.640201223938536,5.556463382671175
8.600122901543251,5.414413316947279
2.5868396019592708,5.504283015925465
9.21173053192583,5.3656665141141495
7.677288178022234,5.453107924835238
8.563974724131336,5.405034908424011
1.5520791604505777,5.357953023200165
4.002413224910876,5.417819213751265
1.2219583628961628,5.364552768287106
9.902697582026166,5.3577097100964375
9.11280005600009,5.47372611108465
1.656525703440903,5.727851215973671
6.300678226104123,5.168530010552758
3.2169155930825983,5.455243360327315
9.498933159321297,5.399481799190278
7.314703397420729,5.09393420671831
1.814768758012666,5.504282373480658
1.6975287145600069,5.427201705389053
2.072443620273704,5.488415334609143
6.541213424776758,5.490199492818838
9.035286844994255,5.5624996575726415
5.110116872325173,5.625374802476546
1.3057869660949466,5.321194214220936
6.073645398917372,5.469336174799363
7.0918787174551765,5.517009227074451
6.23039257299637,5.513740467671469
8.639434515059909,5.383588602745189
7.801282070734073,5.590397502803058
3.4297480065124626,5.340994033335233
4.837674119415974,5.283110805058782
3.11402904878542,5.361371552692535
3.103103822499129,5.4827068624775
7.603334822690795,5.428852440727889
6.644252007828849,5.180010314733238
8.835111908006809,5.488519883625862
9.472826788225936,5.267428366872621
8.196512668656872,5.637203161846896
2.380898239126328,5.392921178541262
8.885961021971482,5.411242497365473
3.873301042854762,5.830617772989172
6.902702674481345,5.366462327216446
6.421821035042625,5.534558144773448
1.463356674392172,5.411504644744619
6.701460874137345,5.39110260465016
8.507878567376615,5.237110840673121
7.078798368490904,5.705872578430273
6.536824702788626,5.317024002223965
3.6966933302163936,5.5027710550564874
5.570653235534013,5.737479618543582
6.504730072689406,5.444175179038787
1.7070939200316353,5.555811070244695
2.6200981407357635,5.587518629160184
3.8526888302564606,5.330597924775894
9.78501513637533,4.971389901515854
4.680256865944531,5.566987190383568
7.215706355440266,5.803921725031232
4.626905156574826,5.351964546355367
2.1647249533249315,5.408794203620192
6.151083184386935,5.62492192652735
8.886114512587351,5.461688090269657
1.102085896083286,5.54250448772739
7.132990511841134,5.706715560806117
6.774055980918525,5.555000828605643
6.444906525498654,5.87633359141822
8.185490300238726,5.401694845409611
1.440341255137708,5.884591393789834
2.93037049625303,5.508945856081003
6.191694488329944,5.524551779606846
7.122060333774141,5.671449411432142
2.6120927113533483,5.444296406929952
2.9659537142920525,5.765593277053083
6.313630027231074,5.310090466714834
2.1394155521109925,5.151372411940271
7.871940410195203,5.43989299669966
1.2019934629172622,5.502122196453163
1.9562549524018145,5.523679494845736
7.741530543951973,5.310321357415121
4.3898533371587565,5.067532073125287
2.571721818718043,5.728874478441241
8.63366729007225,5.493704525585908
8.13110821748479,5.344844685401866
1.2018965701950086,5.2535374522362375
5.699173033718967,5.365416150589627
1.2458272665583698,5.314488218539592
2.987347278354512,5.460320702542239
7.660559798582229,5.389744509328637
7.208610802075901,5.376596398343906
5.344168304079562,5.570795955318479
4.284377418000696,5.412437826630261
6.690552923576979,5.246253753211432
5.238392041294742,5.461330331932979
9.677325845664926,5.572129946221648
9.09517940615354,5.3058694891901235
8.553446116088676,5.5579798506002165
8.939013524201172,5.023657869774017
6.128959993992058,5.050349285855293
3.467151242180714,5.558905274685359
5.096784098060312,5.011788379729569
6.288774901851836,5.396143014614004
4.945502402962685,5.445481958004908
2.912107305477744,5.385657348106631
7.66399683552145,5.64121620359914
5.228234343271983,5.776696431226762
1.916036501434058,5.3055005426348965
6.940643720915512,5.579379005432129
8.59730941467067,5.566024246404869
8.103238466618581,5.465553284583049
9.601817725792309,5.408841787857434
4.368280016518746,5.3604493097305
3.929163267472084,5.411521342301248
3.779190050766639,5.540187012724025
6.107388276225719,5.538187406459594
1.0052711826655352,5.473328225399151
4.312531151569951,5.464274249494857
7.341654126279533,5.265607606211422
1.9575698201731453,5.499770547018927
7.283741460552138,5.582315796954369
2.618421673968172,5.341545515346281
1.5146921286604391,5.568772397117455
9.105720464469458,5.587608800690265
8.871841101276747,5.807346951026882
9.563500268874764,5.65453900433617
5.259688320053852,5.545094038538694
5.262668014667934,5.3604566922528
3.789549408891079,5.679554939316469
2.4949309384537184,5.917041691251757
5.838295605856968,5.476067025824099
5.708120151040984,5.756616446471694
8.488248854392609,5.353306861663397
8.758831710643584,5.810451069329592
2.107086886488369,5.542300830629745
8.643938189555533,5.419285590838758
4.136111336421813,5.15326907764396
4.846191669172994,5.81155658831348
6.671495414341869,5.343354168324622
4.122197331844175,5.586703984441466
2.6271141253314934,5.567342756189588
4.867533529871406,5.333091117590969
4.929215612870478,5.453190672136097
5.028297863282631,5.368869341506452
9.525076568634308,5.33096828338448
7.224418088004435,5.2988497183010175
4.224643511672408,5.472724167464852
8.504159958876258,5.378575418494948
7.337446000604026,5.368002692893338
3.4669769048208905,5.1740124362701305
3.4809647036577607,5.570069114507134
3.6401476401113135,5.3085896788580165
4.95754600464226,5.547603226819188
2.79116260413556,5.595580998200789
9.35048610328442,5.433850490949535
8.605084038022325,6.6292708861918745
9.581151502390629,5.4918667940171915
3.670610345852406,5.432309265400465
2.7936952064131,5.334225749154481
1.0437489915960905,5.327089354445366
9.807279636781676,5.475074476574085
5.0001733549306735,5.941846041038271
2.370776443165492,5.6471285642672475
1.4785201586477412,5.450416125735116
3.897636393222086,5.588121473858354
4.044400044175648,5.584668781668255
4.74916175384466,5.776218324942182
9.168414089596142,5.216297250451738
3.7187474750263294,5.44659107547019
4.018669484861872,5.399034455099243
7.435072324912827,5.428457665666452
9.082270674954795,6.36030637683694
8.308955537106414,5.487680977795958
5.786412678610833,5.437571648555224
6.989664158409583,5.6803416551080135
5.213525024643422,5.42231845069895
5.234293246573674,5.533752369144391
5.850845730666864,5.505374775540531
8.94069529492093,5.569788127839675
7.232509829336661,5.310240131966632
3.932809946688677,5.452991612544576
7.063785496107196,5.6014772908247155
9.891739865848184,5.6405340957976975
3.3608845907696354,5.530468590100436
9.616606784289392,5.523979206876219
5.357981018502358,5.952070169061233
9.094019872576508,5.666747888905938
8.308609415422714,5.640244065452721
3.651444740169436,6.10148726299656
5.575225553316388,5.427143644006085
9.57803924240456,5.34399154672621
1.7783455901191347,5.518821720324918
9.020009366924196,5.461477411746668
4.594624301245905,4.978820464593785
1.665434608510581,5.392112911883726
5.656941174524011,5.47123989237684
1.3520079085374308,5.501652476208278
2.6528279790738494,5.144670892723318
2.666985635072263,5.411004203530378
2.6987135965400824,5.457754671801175
7.325186425170756,5.860360278096675
6.106960203765304,5.409337180633247
9.401469342967443,5.5074160985243985
7.700096031100442,5.5210626721118645
6.418713626641411,5.651401726932047
6.454670842503122,4.9425533681441145
3.434139523079258,5.4554394659041305
5.762794955581368,5.644188848272946
2.2224325764656614,5.50033758028537
4.208517496606606,5.403466222334625
1.1988871603921305,5.67647374805808
7.707383245958091,5.782676590983533
4.98411253132906,5.612503253145787
8.85509954411296,5.467917840083624
5.254825413050716,5.432200451937382
9.16112188471967,5.441207103161297
4.558325382272262,5.494642105364619
1.8404388383593984,5.626467891356838
5.568575444112799,5.446392365383538
7.984006628720326,5.6111757109992535
2.759147405962712,5.655963144925821
4.075390245242772,5.49182442309595
6.583336946091071,5.479407619188686
1.5339283265979118,5.481097541629665
4.807166356204579,5.646534494158747
1.9823748894518305,5.423167644190784
8.324775794073457,5.529913468375378
3.734196349585898,5.256087611531562
3.382947056150168,5.181448312552603
3.8051672078967314,5.334341707103891
2.708545158645639,5.431988499067391
6.565347687919007,5.511309562204514
6.184002276837116,5.207362806639103
2.9684829082533613,5.4409519217101385
8.936493537557968,5.797833896185126
5.275748736029579,5.546264706578325
9.498198980568002,5.5158310572215
8.05606282169768,5.428973340516823
9.618895155332195,5.811094602573197
4.054821060466374,5.603780192498972
5.17328528651887,5.600690519879883
1.373403525114259,5.351610705109172
2.357707879879039,5.644147468265354
1.298346348150781,5.543127456606129
2.832038144741196,5.310471588875764
9.295030399054124,5.398697231392663
8.474194657121929,5.510721417401873
7.335434416438519,5.545614393405023
3.324915104887523,5.2605532395851045
5.414323632691207,5.378594000412122
4.557956315873479,5.31644977773775
4.287818181325529,5.379878761717528
5.705556767101029,5.42266101555729
5.129224286238115,5.5666799278112284
7.276532609494313,5.4819037936342445
8.020671347100606,5.41013989326918
9.966088901909046,5.63159409241561
5.530423404363694,5.524542386488898
8.728894835950607,4.952989230531106
5.072110615905519,5.316907102354576
5.281430088833819,5.537638010314002
4.606680599041136,5.524676363223941
7.394448902538305,5.395000486282562
2.5400259198019706,5.441751625392722
1.5679473266945068,5.460076571490816
3.3538586482243806,5.76607450236584
2.718227750532774,5.428538154225831
9.61670257264097,5.511663500997783
6.222725232459247,5.385645739558509
5.263767989175539,5.368918580081076
2.1116831706410464,5.434581671437149
6.780647481965271,5.242045869992897
7.307916485588598,5.504010127376776
6.6157552193279,5.422294903804276
4.878026773828942,5.3882812762445065
3.531788823784776,5.31465891852015
5.31862179907904,5.800677605816888
2.1548543406566307,5.405991040250902
1.383306182018854,5.518348122978479
8.456850467190877,5.285654158811786
7.488021415760207,5.42637387976354
7.198934248631995,5.682510449908377
8.145852840507823,5.278778756147646
4.2749801651807,5.4933208079852545
7.699439927399839,5.26817014106471
7.556603874080567,5.707848855762843
9.341580354544613,5.574332845905698
1.81765501501046,5.649536017258835
4.832177482900832,5.2401959264516575
5.025105489971587,5.271157908151506
1.1945521418879046,5.477446405047215
1.016340927866262,5.3814689399035425
7.068719792557959,5.391678685990604
1.4203367288978876,5.300432655703005
4.845405497378472,5.512932411804976
2.56171682061731,4.882553986457063
2.8422621277907814,5.681250076095425
3.575655989610833,5.548754830741843
9.460012085949614,5.594388746355719
6.169223586283241,5.918750461487476
9.347483635902144,5.46480733978567
3.9612111711419016,5.192479877839352
4.133695278711322,5.49954753187766
2.566779111019836,5.543428520947576
6.72420624469797,5.556524787031182
8.541238967754369,5.520780655083489
1.0682024174069906,5.155678570254299
1.199450789810196,5.620802987027713
8.426282208499929,5.354649205760364
2.9835381988696392,5.525767015394291
7.276147029460099,5.262779048275346
3.800795088031432,5.872292308788351
5.0703592162626965,6.258524985701978
5.350293451117348,5.1149623444967425
6.383402551501863,5.266524284205335
1.1183885094789237,5.684226302231193
7.4112814980916095,5.470771478806129
3.613591720575198,5.471955134863197
5.316474493739286,5.431271205977631
2.091595539744525,5.244888317296467
2.0348349249197777,5.271882129025222
2.718368476640136,5.532607380833931
9.494842307713364,4.995244304993689
5.371591252126985,5.492536618662956
2.570010184643248,5.624668445828927
6.436741833102137,5.110330429593183
5.115543602055943,5.70571073135255
4.141916546611139,5.681101369648471
6.642769300369442,5.774272812856542
4.5844312690555125,5.200802804618221
4.763624614495628,5.391471524382537
6.739584966026603,5.365774426501954
8.196938384233233,5.548890754615102
9.319143997746885,5.470494364079151
2.625355786233389,5.398816530823002
9.573171680100794,5.450151297160566
9.770786130437518,5.3307956715613685
5.757098519268407,5.420837542726308
1.524232063378621,5.490310708908169
6.984414330315165,5.648463735542368
5.3147379877077965,5.447560474788061
4.295310216266568,5.31627534735369
5.14913495776042,5.197338447171356
1.0734316932090464,5.510133870609391
5.896302028808652,5.386374758003358
6.879408517609472,5.377512863728207
7.386550032823324,5.541548806469938
9.162411677771289,5.652431155073085
2.704191051002601,5.667289661291721
3.070674125551933,5.316287709641452
6.462605891304782,5.804231151893628
2.1906176722086665,5.1886737106491685
4.162743496100102,5.6431829304766294
6.419421723208003,5.5797288012845545
7.254404499908247,5.560603931127887
8.460641077715563,6.0599244939270696
6.531542662010555,5.418585769674211
5.339650737367441,5.678456124274743
8.122747757518763,6.112665760610209
9.412095211781928,5.025292922817758
6.950881740696465,5.811659266376496
6.623695234962251,5.659412688567013
8.119000997947316,5.6261772344432055
4.240911919742853,5.514509652634859
3.853220816025532,5.396571632662611
2.043599538068681,5.6112371795669205
8.424420024209653,5.513000775893389
4.464848917997934,5.531613766946338
6.544796773562168,5.803588971928264
2.1998678702247427,5.535648245699681
8.740333052286461,5.58179542841856
3.885705013131449,5.542645607276231
4.893923981619297,5.391631937870098
3.9346974303724407,5.421637464711953
8.82398852123183,5.297430609554412
9.296897208654572,5.948157380143147
9.34132406416753,5.439985967594403
7.989098490720717,5.554281800299756
9.497483771592842,5.363628050401591
5.77852142111648,5.586812039354837
1.9873696422135645,5.364822966552657
2.283265459798419,5.090322586561711
5.235645777384402,5.2556603137643245
5.32705929092387,5.2593217658359075
6.9917897795932085,5.22972325133162
3.8820008263170296,5.1311151549686045
4.927772350996021,5.5214406328978605
4.442240239310916,5.832300858774138
2.043745602485247,5.306955048510527
2.559493234295012,5.249791676303255
5.635423231269009,5.561953917621776
7.61794811767235,5.522538133384031
3.803079880993796,5.2771556062273355
1.066479116429509,5.460059631884886
6.053667114565744,5.4872408383275015
9.324985479745482,5.442382375667576
8.465999974792458,5.338537851047686
1.5520210112420294,5.387926577071271
8.904776592019537,5.521421376767816
2.5587014470335334,5.955927868331442
3.971287969120042,5.1493319890401255
4.407209225123108,5.707240423865478
9.117612473122534,5.350571115824423
9.454719944039706,5.074595363087742
6.825230712978585,5.573662883339491
9.22668723328508,5.154022662458767
6.6629400686260585,5.4004157924815805
8.452518927655646,5.350190294118275
8.647019014849946,5.295840281913081
8.35563479534871,5.2144274999178855
6.320664293646281,5.434881138935513
7.44172003798746,5.556460663148358
1.3644033961177142,5.449491073691356
9.121884315358995,5.459717449370128
4.3336915856476015,6.341595654559748
6.639427655317456,5.496350162839502
8.727757673333418,5.625038231171687
6.419921645454698,5.194199900241764
4.303913063853691,5.370055010630804
1.2658055292614925,4.779129779360415
2.27026393857822,5.591471778841942
7.877161816506335,5.4458430689742165
6.670746294665211,5.432485077444449
4.423922611847139,5.561449826716866
6.473292634239712,5.474914985493703
1.278743440185635,5.665216823286803
1.3947526706998985,5.266321416118274
5.887199092590664,5.472701153364557
7.209239382736317,5.332934773043373
1.261166944755345,5.483557817573399
1.8779219556676336,5.599863239155479
8.677651252963827,5.508345433111146
9.424950383425264,5.494254183479613
2.352027991069196,5.577205950818272
8.387236423674008,5.4272285766674795
4.761400667545148,5.496747723942181
2.93690426493911,5.387941227642424
4.001731743715751,5.562979711433595
2.9072929348671206,5.308743647715273
5.7477862390614725,5.465419579174625
1.5230067651751151,5.766874051492489
5.515077627661791,5.400991516763838
8.909586145946108,5.115953092160776
6.152686444651105,5.296314673275259
6.369154687390155,5.449043343929439
5.372617989787289,5.422768106826262
3.2960146749169104,5.386813277487261
5.36816822250994,5.548589359690215
8.014550301614289,5.437952837394922
8.723338029196563,5.512883889821338
7.140718235539514,5.596461511423571
5.97087090463164,5.607214993549564
2.637783276762584,5.492378171343318
7.718337164258288,5.33298949644165
8.46650625992769,5.477761295852314
1.0143624831729914,5.562226472397205
1.671621141411273,5.489635429444311
6.860100819765046,5.353100009173285
9.048041620890226,5.31230142387666
1.210796656301356,5.672690005692994
1.3571332004471857,5.710391085843383
7.494092724197838,5.524051005522068
9.147550915775486,5.627545750583794
8.394756576489403,5.727989513209642
8.853455477050332,5.0656254923175315
1.270317879332057,5.363758650168278
9.718288059269236,5.226548055009901
1.5073114991360463,5.750355272311354
9.909777181427843,5.355937326773151
2.8249159179194354,5.400124192573007
9.44783327311272,5.460404335115936
5.341623486269334,5.377595833080858
8.257151815827779,5.630693613911544
1.689185414248516,5.720073343162878
4.188106824257762,5.910811180160821
9.219141616878138,5.894688501409524
6.608692228629705,5.398653458565961
9.760630744712342,5.541586597005566
4.017155054450614,5.523694827052826
1.8590305688121287,5.872236694997218
1.6619919313056415,5.489206669384388
7.062406683865403,5.315840321610868
8.219990236183119,5.71663714261296
6.769939080615231,5.309627925723919
6.008118990658338,5.57447566925303
2.4524969829062666,6.052236774635317
6.754691920027481,5.386362969104623
6.095077540085694,5.480752763563905
3.845719796093479,5.501527564207229
8.819248551220833,5.459347146788689
8.517078949852062,5.524120385826482
6.87751429378655,5.1492188791040885
1.7260978068298,5.416325386899452
4.662889841843631,5.522649784420871
9.565571703821965,5.585490766275324
9.026427027582615,5.637226154888533
7.726610896197023,5.482551377582836
5.771810722389867,5.527583890817609
1.9703620754765496,5.253640695888971
4.366763147074998,5.349377309581059
4.123152946532755,5.576904590138967
4.531389519861373,5.154286408102341
2.3123273135315925,5.290547356675192
7.559343806799263,6.029811755474177
4.768760429970525,5.4330403390987305
7.382150331693429,5.2917516730801255
5.5125514948825,5.527447106611459
7.8985226692215615,5.844690513190111
8.606420608379318,5.581084822139277
1.696916720557395,5.339352788603009
8.08609956205752,5.465278773060677
3.2115139844397587,5.65650539160021
6.235277177969873,5.266890144052794
4.400925690231335,5.277702412711925
3.7279892415819424,5.210341877172254
7.2855282430869215,5.440309167863173
2.170165044367471,5.407855727643805
6.107851289341928,5.126643718206287
2.0468797627548723,5.431613858293538
9.841509506791544,5.235301481857261
6.854261913115503,5.417995147101047
5.839553629520369,5.42210474290565
4.191633360372366,5.68753141138913
1.875574980303866,5.194868614978764
2.20779806012403,5.385869941913646
9.858602661727716,5.436296542288806
9.597773245898397,5.498674299212919
2.5486801289672627,5.445255153358645
1.5382896261056298,5.2716140590319585
5.382862177234894,5.581447002608318
6.821257656459238,5.4911569657406245
1.3699129934956296,5.727505494983791
9.917964714614037,5.5768315076278
6.279450468630406,5.257413540687859
9.21242491680676,5.54916387348625
9.679063685530108,5.451747709542771
8.24152685123876,5.510703033350095
9.479541130713908,5.149568508000971
6.221410016046871,5.240741313612448
3.0903086386663383,5.266965261560598
9.30778207863042,5.986865784416753
7.618206219871151,5.315689126966413
5.63398492069612,5.602733216615082
3.5611955936774047,5.447480678020887
4.595857934259449,5.409728291649799
8.771259895071463,5.402862436534437
2.6447934961737234,5.396470865403273
8.667400540783024,5.090573952371063
1.7150766056682478,5.699205742218866
7.455933300503465,5.600687403165889
1.7563960481818237,5.629363493213648
7.65466850310773,5.621325636691563
6.390949105894595,5.569034766051278
5.808649420283841,5.454930841167718
9.598181880856766,5.203503372777124
3.609552749571423,5.505012869264321
6.397215059615704,5.545003121746976
1.702463933510343,5.3288130419186155
2.8529849494474937,5.7726709619370205
1.6337084890894071,5.4524122024600254
1.6025874347639784,5.466153088903854
9.463390442948638,5.549369467105969
8.200213900395957,5.498925285441426
4.295955245201148,5.456218696974002
3.966955337435502,5.379293266790297
2.1328038930149105,5.398266062719237
1.7309557170288887,5.402278381637261
2.817685171266032,5.287482769086758
7.649961218871486,5.91013841509925
9.488832686516636,5.3112046175587775
8.093443372303668,5.749081590549014
9.97545578128359,5.70245863943755
3.5711820127950733,5.434101330119549
4.836087726819107,5.712343252432898
7.0369983538538206,5.61416381267085
6.810579738266063,5.705950413214692
7.427701616828604,5.788756322469271
8.316259353258369,5.726150492301299
9.591233527019966,5.218938402055105
5.48597860601657,5.599250337024085
3.963982365970496,5.716905734612852
9.382900101757231,5.602167664170408
6.710908202373576,4.821446738432408
1.8687625106689416,5.8603676252865515
3.529815701314896,5.503244461058123
5.9807948544281775,5.704184790599538
3.5365578537280355,5.711852079134491
5.7467250952777045,5.534065492628948
5.315362914778874,5.458198515134324
8.258881530822565,4.810429080083149
2.747918958592141,5.437442291485816
7.665022484418951,5.516735574787358
1.4686732506349731,5.521078173602351
2.242772835195807,5.555821079337538
5.502711744005722,5.3815129757430995
7.534191997729674,5.558802040802635
6.023721612380893,5.418728613901533
5.632231507016784,5.687939626221209
2.951499324940202,5.491945696181153
4.44078174451581,5.282201092773092
1.505019385146682,6.178507505252204
4.015428459680155,5.373826251649637
3.392600099206528,5.6259280738918855
4.119495041221358,5.220256778226782
5.485819555865544,5.426747666643431
9.655821286223771,5.570031950524015
9.408606435828812,5.388460949975301
8.526811449242775,5.616205728705601
6.981337496748111,5.401621993142889
7.939839613341523,5.482672865936074
7.077949528254302,5.028400982239525
1.448834959096979,5.389247495618807
1.5847484665007312,5.4684728365070825
9.64451395709212,5.467576395303825
2.504068007570647,5.472802555114814
6.6400830280450185,5.552162270200719
4.276693548883825,5.506947916555571
7.512235530434381,5.591429671361551
6.416645118357538,5.582672604743651
2.1002375936236817,5.361891789064492
9.4373228995641,6.02128496210459
4.572270585490134,5.5771862888878045
1.7443457382883527,5.333728404149469
2.349477373315686,5.118342467273017
7.808082292714741,5.5736887480172745
2.267660825829469,5.667389142400428
1.783490134355132,5.423103789738167
3.476302924323392,5.777281133495085
3.381614244364442,5.7727023685046985
9.001749765421101,5.5428727248455285
2.7189907462869245,5.776911575404829
3.2078330581080894,5.475124527343377
3.798750839125258,5.441595195724364
1.8124201071086767,5.605858417599469
9.73444131476731,5.255796783423827
5.568228927226479,5.310075397418245
8.521415875940182,5.531942766542064
8.502724390618733,5.316475428249537
8.712401547481878,5.795666839178709
6.546113953007432,5.4241066313166835
2.324630193341455,5.537872441505591
5.706858285360235,5.525140903787823
3.708638582102562,5.27851222045027
9.914868270878795,5.483701472914711
1.5758448930513227,5.532599086635239
6.406204850845273,5.480268564491926
5.084291209033654,5.3818943260877425
2.339350482072927,5.492601860140315
4.148539323751228,5.437780421483572
7.370546340140692,5.536475883754297
5.979790359555945,5.47721937520402
9.74064441579104,5.436322744176535
6.542258662397475,5.453240741687494
8.52473284070373,6.059034799678285
9.15837419389883,5.200642957494024
8.168048656675918,5.204991212315269
8.463533325548877,5.670181827349314
3.788691294329877,5.431219169434023
1.036482603209722,5.838790510538157
2.1218711408079054,5.412717005151032
4.691939788398053,5.82972547250358
5.527435855246032,5.394168026075631
1.4856258752967562,5.562500626367619
3.410709643321449,5.366487696585479
7.029057033553558,5.700767909999987
6.632901497377129,5.411836576952474
4.640908741010252,5.483552201888521
4.7634433850297055,5.4958444133660835
1.5104308649778329,5.699429072982747
5.694642633798193,5.848046420347463
9.356490200314436,5.426219174287915
9.419604770502866,5.361344690621533
7.904725055145583,5.478554267398082
7.654216206043061,6.161952178066695
3.5339314063506526,5.27146019506553
3.659647192687344,5.516893000062324
2.900242525227466,5.545696402920325
2.824148220934614,5.555603325367563
2.025680810504872,6.07238624914137
5.877704701353791,5.161460081697361
8.983899290179407,5.461670288589347
6.838373443772092,5.2780604852434445
8.281528357371386,5.442883193836692
5.036637678692058,5.666808573827961
7.247264534254356,5.2371021917715375
1.8425471708077616,5.520844132518822
3.354353997733979,5.743379854696773
3.808871668800271,5.761862195031093
1.463361929549659,5.148597655758058
9.97571185221696,5.618887183899434
8.279925366006555,5.381684055588624
7.329077573636383,5.774832555567096
8.741663298347184,5.535869738972207
7.990938982746531,5.6072352159904995
1.744468568806882,5.640760092484014
6.721556095124031,5.448470876997834
8.197887353225589,5.262355619120521
9.725133719071646,5.388727841364206
4.7422790382321,5.56276825696915
9.071069608918927,5.386549099114339
5.518295056406757,5.212441846278552
4.561909241074,5.239905604556815
1.8954425166158744,5.223932625577763
7.90623059814359,5.464498430974971
1.543853340899347,5.485493189868131
5.412577009198194,5.528099431546515
5.692122105653537,5.439727307677431
2.837369840810793,5.803208946497032
5.832644242420862,5.341958825777377
9.807399967351532,5.426274938660497
5.8090493951242,5.565886580626971
4.053634973321669,6.3681861559445645
5.938828581449138,5.437191902916184
1.7924036971571915,5.212082360480606
9.703233393272145,5.406448381384589
6.663433886299571,5.403752594875084
2.8371865630201496,5.350357910688233
1.8569391391768544,5.384784492978574
5.001855937363262,5.657423247941044
5.244105648329536,5.2860879534422045
5.642563135835239,5.689040188711986
3.3914547094234626,4.750136900331151
1.4492246939745392,4.957210519703301
3.9864314333977897,6.105933099780604
7.1978313662802815,5.613944838577495
5.946067204888018,5.367983731385434
9.305731164219884,5.482731022709378
3.374836963701181,5.736514467486512
3.8485038653382975,5.63037354578845
1.6984503053675617,5.636548971183255
8.070452947780138,5.721217334383115
7.049906617160791,5.321330763765844
7.2177524435108,5.493289678176378
6.634560815349499,5.60964183357286
9.674665846865732,5.675033505980599
2.3650730802521864,5.667037255011213
7.672333423143805,5.344173559559199
1.910531589891773,5.586789812613409
3.421530379907188,5.813890001049476
6.136551765733099,5.632765429604425
5.888481404386027,5.856787027993022
2.733170512224077,5.604108697314884
6.429890302300085,5.3857660094945485
3.434519413898871,5.481699068988572
3.930062454550989,5.482540101213792
8.288749836646968,5.438203939873651
2.201884340526903,5.5339177681984735
5.250289768345287,5.367182501185263
4.600852900491343,5.523010374134766
4.066683017251732,5.757292390226522
7.493904538706604,6.024719511771107
7.530483750390106,5.42109241238664
9.31415799492918,5.670248782074129
1.98169175677954,5.652106957895493
8.549244460120761,5.649748524893447
7.696486962709131,5.498837710930453
4.785572101719733,5.669809937595345
5.908259536833076,5.272000024849242
3.8896124048866,5.349487579078451
7.42677668796875,5.3008207658385675
2.457542039895148,5.5406022105669095
9.285766903245268,5.269328087358234
9.338338518550742,5.546571992578561
1.5802047945868596,5.320085223331724
2.639221904076821,5.475616854679727
2.866502094810585,5.4533376713639266
6.944731648625443,5.604227466124379
9.528554174938987,5.5812071606633
1.0887224609311037,5.386071961750024
2.921665618969933,5.317120327402969
4.862347578544426,5.469923610855941
7.4079205101807295,5.269066535436076
6.9112094947486105,5.628949225130118
1.8538321809815723,5.470924437986051
6.58010519755806,5.462243110760994
3.7086094714702487,5.372506360811603
6.925943427998785,5.5855186646092765
9.925053566224651,5.6106361018818465
8.798896894817727,5.3439349692117535
6.449050672473118,5.44960119993749
5.39101404503354,5.443549723335037
6.0417801329566,5.544479844342893
6.405316124971021,5.640947224082397
7.911978507415076,5.418668105348799
5.679987869352228,5.41060367461813
7.418054806361448,5.393810535405598
8.195218224903336,5.415178788048084
3.51130192750794,5.227066824833915
5.654162627668351,5.524785676713021
4.480307902883485,5.434817482103122
7.224975076436203,5.490808680706221
2.4355368755445834,5.136731983343563
6.8585619118413685,5.371244898930358
7.48268489189441,5.870002414687416
4.253721472212284,5.352305976165901
3.715416557110608,5.6016296150153515
9.319167504691642,5.521715364934578
5.252688322202977,6.1912720697426105
6.2068884588330855,5.545637269431227
6.113347922822798,5.348668816592797
4.934711827902808,5.383299302065484
7.730701042854357,5.473755740681448
4.57846789284186,5.553156576594543
3.187321085546087,5.315784265283856
3.683890978222349,5.438129472215178
3.4215597298476355,6.092274842380892
2.735954272766691,5.3453313005251255
3.540811580515657,5.558779293768551
2.9538120263480545,5.419285112911964
4.011356758230379,5.304398523452562
2.566688212134848,5.415310295439716
7.733902279691641,5.401467944206156
4.488853633307738,5.265304847430426
8.31520425073136,5.23541429695104
7.540005308027777,5.456166143708913
8.999597290600828,5.554701861066195
4.921411451707897,5.735728317420035
2.465947553509153,5.400902924032822
4.434860713453645,5.557574089380887
7.510326236258084,5.536754903604594
9.53717328983732,5.3664186163938385
3.1317008815035727,5.570406450761536
8.63261865364177,5.443848430900265
3.4058900073474057,5.647745764521279
5.649941184946259,5.462901918335516
5.35097614788919,5.426636433115956
5.896961052494703,5.404177019841491
5.4037924013932965,5.434498384282876
7.915754329068867,5.619365857356151
3.5205435028345704,5.45829197460703
2.933464430522946,5.52169898792707
8.38523985098863,5.32345610775006
4.723973407359245,5.407869080024681
1.811369616863737,5.5304696999083385
7.973365617570497,5.873646884234286
6.766889318283913,5.484505130010016
9.888637374561236,5.869592213092383
7.869321330043751,5.878258633611527
9.700655352937382,5.529120464727434
7.9743484410774865,5.233948234015969
2.202507986676196,5.498272983500678
4.289020574996377,5.416562068834989
7.198316178656829,5.686882214348006
5.253191985988102,5.400495780236927
1.6644004653111746,5.20953455661524
6.224171059035189,5.880374693760416
6.8743246326236935,5.5056115677445465
7.939876954522973,5.872619803793822
3.387470454503548,5.519783610769631
4.160839592565278,5.40401107962642
2.5586255104661104,5.3644935016155815
4.710057346902818,5.382441973423436
7.363651551349409,5.329612030824117
6.728657223752762,5.370824013189803
7.792801767588831,5.659408716989941
4.028453833605049,5.372950344243704
9.684662004380334,5.488869094187162
6.043226243332463,5.445196827620609
3.13999942884822,5.602250592315147
1.4351946131723214,5.47101310551141
4.947895651142877,5.493900861568563
2.9846246684543223,5.593038258866036
1.9746636329609584,5.363605170146712
8.894307287696927,5.363439235055258
9.263271344671711,5.751784742990534
4.4935530379809645,5.6274780761728485
6.694237673582739,5.440372002874417
1.5616188257865755,5.680924572481537
1.280708311595938,5.600070281518736
9.239090012337115,5.334637023409884
8.94863410919271,5.449301507129093
8.40649409863947,5.5450536532672245
4.462402770448732,5.4080970980771035
5.052884227899753,5.482130926872347
8.817501646086225,5.478685390908473
4.8539512877248505,5.3806108354994695
7.111103825052372,5.0869216217543
7.067872940122875,5.598192122635143
4.58926756369895,6.480427659792452
5.006272466320616,5.617508528578002
8.002174677880806,5.317337965635548
1.5693173333429926,5.232080411974546
1.3919522271066949,5.647175387599049
2.8972777123941458,5.515972741567537
7.65809765009741,5.412322823710887
2.381702176654208,5.71570427039563
2.0797058855001302,5.681854986467429
6.848259593890716,5.7553326161105485
6.164796355508719,5.515554387047246
6.344239776125649,5.5834392263280055
5.752432212588814,5.170409814220818
1.358311973794619,5.353034202649652
1.8679125906816,5.552448730723771
5.626742410182741,5.7710901411712765
4.87109289070388,5.493211913403795
4.65747504480614,5.475815072408081
9.884392926410412,5.518418265172559
1.9516256259095288,5.412728376884176
4.923831703803497,5.463812522786227
7.986678329765044,5.162532015902562
4.4138560983529205,5.286200656648265
4.989653538486774,5.308886148996873
3.8501476356458695,5.494836067690011
2.1684153667683885,5.579713244409525
9.279104801300331,5.756827730017599
4.76488173179613,5.772679286746012
9.750672103414976,5.511510124207698
7.450260516175347,5.1498640291948625
3.0279910202893343,5.555633335707099
1.0048372241214087,5.8041875812268655
3.3824449334141624,5.477842320950815
4.766290832596815,5.509318150892908
8.10097182706312,5.665491595114458
9.166823572419023,5.647596317310013
4.319715363368603,5.853814027533806
7.5100658344860864,5.486211902191352
9.76302408296589,5.30488826076919
9.931581525721205,5.487946721836294
6.953641834778972,5.511035627250554
3.5412927239494527,5.53727563221909
8.519043237508559,5.9699730319533035
1.6361805230725144,5.506598522626728
1.4705994955119692,5.924017893849145
7.685264145440265,5.42579022804363
7.267990262235051,5.317809880656276
4.834147756610006,5.266716516267236
8.0285804905082,5.16528674605257
2.0148570757085578,5.445846621338153
8.82323005318724,5.534608841637635
3.2294816737696483,5.370117080633804
7.774005193542671,5.434150894612563
2.7858595649464006,5.786610976427981
1.5274595912672029,5.449802050281492
5.54096620168401,5.388646348942831
9.158799660785654,5.364074737727479
1.1315310831931686,5.701487630535707
2.2894657383518737,5.416174497531225
5.828170226986912,5.619589820488675
3.640913453383928,5.3923504555161035
6.477912324498659,5.5590792050409314
9.9017354565619,5.5811195444186605
5.132199352344319,5.647572258122263
8.602589011111284,5.621720413759681
5.737496983144405,5.1224987486135385
1.830874687065891,5.385092231295854
9.139100701977002,5.751630480847796
6.120585357972082,5.38267157898054
6.234585202211601,5.67803050208711
3.1748032650414943,5.141687937868305
9.938146099484117,5.462540123770323
7.308643025758197,5.478830092573222
2.1872843927368484,5.088330704237326
9.012527713112789,5.450884133401501
2.289289804070343,5.613117753930198
8.508851337504211,5.4147283786665925
7.2235705245701585,5.766594050530561
9.617335500726009,5.340186737664926
3.049832047038397,5.601412544394756
3.059550193421436,5.547992525211213
6.482740091665495,5.546991217407367
7.442429925380452,5.347505115291792
4.390504196400013,5.399636591634061
4.819780359232575,5.481591880194244
1.5798984734934538,5.5911589264449955
2.496455688894447,5.665844009750317
7.115616993439252,5.690100352623505
8.883569579233281,5.40195660937551
1.682599371009324,5.5030611422409415
1.482381804716421,5.640707027641238
4.718105434034528,5.512306193491985
9.804747643279802,5.392049825744251
3.9778064284398433,5.719443991575308
4.107775532103956,5.420063839429415
4.215216846616608,5.842132842263182
4.009485913721043,5.606312729866284
7.067609960949175,5.462904611167097
9.840961576193244,5.564338357551257
9.375869363747665,5.465775310686184
2.837985570781498,5.320176267039101
6.278339754725478,5.350921727950638
1.815500611961992,5.486043416928663
6.5478521978414985,5.56715333787059
7.129617164785532,5.578783299876785
8.955872279455754,5.575914887588802
1.113347972774129,5.314708711206487
3.371627617289014,5.2581533560471065
7.907972877887758,5.475850265930149
7.520966413295241,5.717327510368773
9.20650037179188,5.472074429461676
2.147743788559022,6.131753779592201
6.199178062391045,5.385122866991532
6.832651464575681,5.269508615165473
3.5636876459592344,5.382155327150397
8.147638471626294,5.388329282071482
8.20475705378945,5.570022786190251
2.712284602105913,5.343957572066593
8.43544069424989,5.708808702554749
2.511977238123166,5.575512925509649
3.467088819279071,5.481706875855872
6.754039433078191,6.1166727795097815
6.500540082767899,5.370231617552752
5.09896114033594,5.365468848498926
3.06246645979788,5.8531371086115636
1.98320249949272,5.466071841536619
8.777407516660304,5.627674667418526
2.6964173321691143,5.295280665551259
1.0655517433854058,5.423963480873965
6.443158367457337,5.512430368367345
5.109030765100165,5.475407569108923
3.934741773926653,5.358340223739948
3.9931930519305054,5.495506461524533
3.6639759308836535,5.406850578881772
7.927820147270071,5.680420662108669
4.460736150975176,5.693057031588589
6.948438541040627,5.477229305067079
2.843177414868008,5.364043548844919
5.759406018404263,5.503010070616698
9.3763479558671,5.325726069698809
6.074099663333191,5.143761326307205
8.501320545797917,5.254689130608167
3.002597475734751,5.8471613532370705
3.8965265955983592,5.492499622051594
1.778671751483976,5.629050972231287
9.760050903444132,5.581914571560101
7.409138231088034,5.33857143419196
8.141460787431768,5.381955971761776
8.161872785265068,5.434559090515352
6.310276145154975,5.527313821396794
7.993042406162994,5.949760239615589
9.015000076492951,5.452979636024103
5.478837454273746,5.22917628578109
8.957362283374366,5.653177982679491
7.808990275906867,5.645903886144143
5.739016650942668,5.354960657289923
9.890020234136234,5.440529665922981
6.751683620816246,5.716034406850919
5.8456349405460175,5.243669287638273
4.822624659133232,5.66841786981459
6.435315081415518,5.334122980986724
3.026636603083927,5.464470435968365
4.395439403102991,5.347351640696427
7.487334044331149,5.455700819602597
9.350959542822318,5.257676994414681
9.560961939214128,5.368111469581397
4.736124849753729,5.46044735524974
2.516898815629292,5.347173840215699
6.938771827108145,5.7880750081445225
4.979470631157447,5.349512708343739
6.231242998901785,5.8541270503716225
9.927539235173686,5.517940345763741
9.786079129780244,5.450409954914588
7.592523519716616,5.857162974657281
2.427396102140256,5.425016519782398
7.417376071732315,5.20432683244504
7.718293090279216,5.598706658210095
2.8666807200024964,5.576905554001732
2.3175315353270967,5.315450244695371
3.7938604259963897,5.32441733359689
9.810254675802629,5.491904005357021
7.467084396211139,5.754702457845218
8.444030293055686,5.499870165363691
1.0081247184318003,5.3825854941787625
8.400623580365316,5.4520840336829455
5.462034433663753,5.34311280151653
5.352559886804351,5.325439556698553
5.005710189033879,5.309650956767679
6.721719526306971,5.340876785256379
7.238509584980103,5.375048642706074
6.622321326053233,5.575769556129603
7.54860126344181,5.382688195500842
4.573198051619194,5.403273348776413
7.028587894346158,5.5129708230725365
7.836091086625156,5.425870602731408
2.002903110410376,5.377424184816497
4.125774432144939,5.608316522167065
9.019640440955133,5.471349352098392
9.9994463792558,5.441532940474924
8.301068745080851,5.596837851179458
6.831126223311234,5.525572235833953
5.236964804144108,5.508257390907012
6.251448063055585,5.554777449863477
2.6471736906431915,5.526257562681804
1.1586898628542248,5.419884138268909
5.440121720311383,6.093881737956696
4.92353788116719,5.738229241361439
8.279827056498917,5.741436612557206
8.596221526990114,5.6403317723345845
3.6653721536848898,5.5678769155200625
4.255859261334705,5.429195980352768
9.43149683695835,5.839062676674133
1.9224526345617967,5.531646951712963
9.001539255265818,5.503472814720779
6.449986274847289,5.1717674281156185
7.582171038619566,5.340092211341735
4.4615624008678445,5.543044482932166
6.690734731015224,5.62464312467968
1.2143296422600656,5.392004890947607
3.743389261721517,5.413858144309589
7.477366980208351,5.64930217017551
9.944867740520532,5.638716939301094
5.950279189734595,5.3824732158176
5.762043258083728,5.479676946809503
1.1713664009234648,5.472368482263031
9.250806354938682,5.479399635795171
5.401928484470632,5.583630781468457
9.034103290430687,5.694866354530544
6.903393083838764,5.514619018366514
8.485917580831543,6.335811315035131
4.470107777821824,5.371735750192823
7.203760446017532,5.443385908262708
5.5981933058474125,5.61027538687663
5.455714907492028,5.4831282101334935
3.2183710214418446,5.433733045159532
9.438428269981284,5.525826329282316
3.938214143539573,5.562214757274553
6.967171557571481,5.375903003478572
3.705099851954531,5.512008787300026
6.605351689658851,5.886530328689041
4.647657971474241,5.380149148013662
4.623665698369246,5.535925520559986
4.323438926946472,5.415678200429336
9.928385743558838,5.401189255154399
1.9068897469447683,5.375865915588515
4.319644444875936,5.923034100990983
3.939105453272697,5.463319055726952
4.563849456257583,5.5417535340884125
9.740510170344546,5.32009958415978
9.085074450547902,5.5083711969009235
2.812438780976233,5.306412775112729
1.1864325584485624,5.393813066162212
6.3566657822693085,5.486772432368741
2.457289544942061,5.470400857836019
2.763354374810811,5.081909841289295
8.395460902176879,5.610124261472403
4.704693730625889,5.179268921963629
8.088918318850371,5.3139990674826905
7.849378788923222,5.428823162346143
3.717945961314532,5.477813345957782
7.129464795297793,5.446199720587173
1.2985357632777483,5.540022228887344
4.932828720448521,5.266320445703133
6.394520806220036,5.805741673035766
1.1542129267438004,5.661716324183459
5.141051253442452,5.386032944557034
9.762764579369367,5.283832254522687
6.718597616276417,5.7142412554431665
7.602940757182681,5.2809821413420845
6.823220336051999,5.875315598871444
2.644396450144717,5.497272776977804
6.06849295287324,5.609040692231958
2.951222364750725,5.560266029563235
4.219865160785103,5.455134832270982
2.85525507048984,5.4910826468016625
2.851506351110741,5.645229102394081
7.942827883731095,5.473638982765316
2.5570485259115343,5.676087970531617
2.1998369999736043,5.083123903514735
9.78944749749938,5.640199431076822
6.172105377069673,5.477018483041856
9.992905948628222,5.658811443243578
3.890257339179316,5.43562819899494
2.7430156246205133,5.79725357379415
5.856244581488837,5.492287907127025
9.594813851949942,5.74228661830183
2.559334673154164,5.225379662529309
4.715132051141,5.703920370138842
8.971222814850703,5.357983023686337
4.51783817663512,5.430190591119656
6.495562850016302,6.122427453897002
5.399444272047544,6.627582543686649
7.344262394724869,5.498935356907782
8.78268618085459,4.958347492942815
1.5129535460195151,5.22966489197299
1.0069266243815955,5.309958877264144
1.2771457424780142,5.339780944003195
9.087822205829168,5.192362869183643
2.317581627229641,5.4634318974726845
7.509902720174959,5.504700759035563
9.909519615456862,5.600155430750134
8.37100426889985,6.2380428985934655
6.955938579350866,5.4621185316822825
7.459989761594692,5.439840589821339
1.4914395762347132,5.62494765556714
3.049125672292132,5.5626893653985015
2.774975210723574,5.783947333777896
8.228227976128206,5.551122226719756
4.856662697783502,5.458966823139386
3.2523001993945577,5.238784941890965
6.744848742911895,5.557960793730531
4.000718115034235,5.771768895919323
8.356449046614603,5.423989762003745
9.333901246213353,6.326630830602092
2.8559785343547173,5.57628697554885
2.3217544345936743,5.623785822914457
6.202213026402327,5.191724649839476
7.830495745428665,5.384750848122878
1.006519768567823,5.734946132809671
4.294818391634548,5.5688766484197325
8.007393053806833,5.3904416527075725
9.623300117780795,5.384609779493478
5.806375961927746,5.4863409184791525
4.386540562756771,5.540106139411631
1.6674331856450997,5.5307233407242045
6.798990035425472,5.453329296496334
8.113161955289218,5.425827354866937
4.519651990233118,5.470775598186051
3.653075689363301,5.475980036424532
6.052956807324635,5.428314301753837
6.805779679481073,5.043606888215016
8.40506381148663,5.596957069734579
8.276003317021427,5.404723391605147
2.444976038555416,5.4631629752271404
8.096751469032501,5.523834209337807
1.0659467032019228,5.245404597169113
1.967295155705536,5.682035896317615
1.6464712043087602,5.685170631134399
9.151321923236123,5.35022544113129
4.626670278598806,5.284601206984727
3.93590554653413,5.338723611458494
6.815094977861978,5.56526494496342
3.915793979152636,5.317704956990561
6.762950173834508,5.525308254471192
7.836713979548621,5.726658418688089
2.5413060600445787,5.587831863990816
7.898143302026944,5.2993579743287444
8.366162964740063,5.443794110915978
2.368206576781252,5.484348460436142
2.4717917236462523,5.541923780019091
8.527463799220882,5.5621021215681345
8.292346944679291,5.590272470927599
3.624075348367642,5.410383317961979
2.4877307073233803,5.77674933564933
4.1242915517585175,5.398980304250154
9.249531393653672,5.246166206841257
1.1487914387064837,5.383303227049998
6.861056391944214,5.4664292996945605
1.4366365425797496,5.41904608834304
3.866917477247618,5.491009017155618
6.956118749117672,5.416627682550342
9.640826046579503,5.64121803474421
6.213286428627648,4.856177650415578
3.60755525205476,5.417931379070955
8.526317385832673,5.510204023031746
7.1127584363805205,5.373563114001865
5.175979301267253,5.4678140621344244
1.822395633027284,5.530171530178723
5.045061582172895,5.553121892171956
1.655969166505017,5.164571301680729
8.471528055845383,5.250835371553729
8.596312738555444,5.476601753959651
3.555318503357492,5.35933229066188
3.440635140944383,5.459885917427482
1.3713313829484923,5.487068064613967
4.837331844987009,5.48587898572602
9.41393498615161,5.358323773940535
5.714897409278861,5.274117497431653
9.08984794074046,5.879236248793146
9.399911467918342,5.490192444548493
7.73925407881086,5.920340582871193
7.974474546852152,5.461262364230874
2.206642160577334,5.169238433866359
9.579620253063354,5.549725066996524
3.262875131506205,5.241889047461148
3.0523735210497103,5.434401647111437
2.3362146227641425,5.197285050368321
8.13708393903558,5.452848896852123
8.963188918702947,5.416876991743653
2.133051854558836,5.607692575905012
6.2806205646014295,5.835719313302926
7.938065976666932,5.435462172571138
7.237712877415606,5.360228879442213
6.146575922641651,5.393180841834857
7.985047726604396,5.47506004199034
2.8078176354915088,5.538254921526804
3.990012940757962,6.034483330103189
1.9562696744740364,5.470822048017182
2.0475590790511973,5.789216225178321
4.9063222071645285,5.675362218487074
6.154207790998257,5.2731415817998935
2.100071281389791,5.520314840589083
9.666724558837377,5.541477592008603
1.8098836716241309,5.430570817553679
5.95728804868995,5.65252894129022
3.5783967680565363,5.747787263124456
5.995520804636604,5.596446991759206
5.226567407276479,5.5059037871182035
3.008502046235065,5.315228834545236
3.180115800567922,5.207143415030904
9.817824925949775,5.007283962828514
2.073619145175281,5.397052877038274
4.080492223611057,5.518280440275467
6.248971099831151,5.624792973942768
9.097409218399836,5.57116035935745
5.484251569356156,5.456638121093095
2.182228778457649,5.442400279646862
8.881465817440453,6.1234605185542135
1.5242485840729687,5.488060245759714
4.3475055513330485,5.36666465517421
8.622485429318495,5.564569082818468
9.866982633070457,5.428357914139624
5.595167814739326,5.680220988354966
3.04277972635096,5.352932171155066
7.715083187363953,5.777898319182976
7.092524987849039,5.278818205526916
5.581952843703691,5.5697587890558555
5.935907971732805,5.858541212100846
7.010262196054208,5.459420842811933
2.640884149019428,5.8247637674913575
8.703187675173648,5.412802063263768
1.730754484224084,5.300108692232134
1.8496948974224063,5.447196438306758
8.629133246697918,5.408154962274568
3.4012734808905005,5.335626765482736
7.873306219812525,5.675477925583656
9.660213536580311,6.392463030489686
3.2861820791638383,5.471379742966734
1.914567010650425,5.772347918637435
2.317343112383205,5.535622893268401
6.709770853377846,5.618503216279605
2.939260365087766,5.429351692126636
8.029010421861866,5.372054366155716
8.385272583895796,5.578264891099873
9.344008329622588,6.130586799815866
5.798382274085968,5.296346100955382
1.7914766306546035,5.331310961544892
4.390915140359616,5.5507784164910445
3.3955015552703367,5.971829371657117
2.403594299563316,5.504318700547757
8.928796209134628,5.476248658593544
7.388938556147824,5.528144378661993
8.579189655625214,5.459975215375454
6.225885800130106,5.4717815586366445
4.267518941769192,5.406295444498943
1.0484206095243795,5.752504631700358
4.9002326518343535,5.519929263154668
3.554407141919904,5.761454266439398
1.7684299123792275,5.457715826912282
6.221418710922867,5.4870013514723
4.690102887724016,5.211165511161219
2.668705728433145,5.251975513847369
2.033238423398527,5.412495874739047
7.375104326886083,5.880700477276045
2.126058912532032,5.533326469898028
5.565113455744696,5.526575004023055
3.837844961455617,5.667094583861542
7.042887312379312,5.321476326276625
6.589748140415368,5.479649298253049
6.848954253397768,5.409947786630312
5.22263278297826,5.52221823082848
5.063447483027851,5.284312358430927
